{
  "project_info": {
    "project_number": "304056348415",
    "project_id": "aushadx-d4f17",
    "storage_bucket": "aushadx-d4f17.firebasestorage.app"
  },
  "client": [
    {
      "client_info": {
        "mobilesdk_app_id": "1:304056348415:android:586660611f2889730b26ca",
        "android_client_info": {
          "package_name": "aushadx.com"
        }
      },
      "oauth_client": [],
      "api_key": [
        {
          "current_key": "AIzaSyBOsBRcXVVMgZN18aqzjIUf__Wxyy5iQ2w"
        }
      ],
      "services": {
        "appinvite_service": {
          "other_platform_oauth_client": []
        }
      }
    }
  ],
  "configuration_version": "1"
}